<?xml version="1.0"?>
<?xml-stylesheet type="text/xsl" href="bastion.xsl"?>
<!-- This file will describe how to configure the Bastion Server -->
<bastion>
  <!-- Show color output in  debug console
       Disable this if you are transferring large amounts of data -->
  <colorDebug enabled="false"></colorDebug>
  
  <listeners>
    <listener name="main">
      <address>0.0.0.0</address> <!-- IP addrses to bind to (use 0.0.0.0 to listen on all connected interfaces) -->
      <port>80</port>            <!-- if not defined or empty, listener won't accept plain HTTP connections -->
      <sslPort>443</sslPort>     <!-- if not defined or empty, listener won't accept HTTPS connections -->
      <ssl>
        <!-- Allowed SSL/TLS ciphers in OpenSSL cipher list format (https://www.openssl.org/docs/apps/ciphers.html) -->
		<!-- All security ciphers permitted, including weaker ones. Use for best client compatibility.-->
			<!--<allowedCiphers>ALL:!aNULL:!eNULL</allowedCiphers>-->
		<!--  Recommended security ciphers to permit-->
		<!--<allowedCiphers>AES128+EECDH:AES128+EDH:AES:ECDHE:RSA:!aNULL:!eNULL:!EXPORT:!MD5</allowedCiphers>-->
        <allowedCiphers>AES128+EECDH:AES128+EDH:AES:ECDHE:RSA:!aNULL:!eNULL:!EXPORT:!MD5:!RC4</allowedCiphers>
		<!-- Minimum supported version of SSL. Options: sslv3|tlsv1.0|tlsv1.1|tlsv1.2-->
		<minAllowedVersion>tlsv1.0</minAllowedVersion>     
		<dhParamsFile></dhParamsFile>
	   <certificates> 
          <!-- Path to the certificate authority files (in case that you want to use ssl from Bastion to the published server) -->
          <caBundleFile>cert\bundle.crt</caBundleFile>
          <!-- Path to the certificate authority bundle file (in case that you want to use ssl from Bastion to the published server) -->
          <caCertsDirPath>cert\ca</caCertsDirPath>
          <!-- Whether or not published server certificates should be verified -->
          <ignoreUpstreamCertificatesErrors>true</ignoreUpstreamCertificatesErrors>
          <!-- Server certificate which Bastion will present to clients connecting to this listener -->
          <serverCert>
            <!-- Path to the certificate -->
			<!-- the path to the certificate can be in two option:
				1. File system path, fixed or relative to the working directory.
				2. Windows store path. To use this option that path need to look like the following:
					"store:/LocalMachine/My/#667B3CC8ADF2B13BB9F4BF258F3232C337EE3389"
					You can use : 	"	LocalMachine
										CurrentUser
										CurrentService "
					for the store name and for each one of those you can use :
							"	MY
								ROOT
								TRUST
								CA "
					# is marking that the following is the thumbprint of the certificate found in the relevant store.
					
					see this page https://msdn.microsoft.com/en-us/library/windows/desktop/aa388136(v=vs.85).aspx for more details on the store name. -->			
            <!--<path>store:/LocalMachine/My/#667B3CC8ADF2B13BB9F4BF258F3232C337EE3389</path>-->
            <path>cert\DemoServer.crt</path>
            <!-- Path to the private key related to this certificate -->
            <privateKey>cert\DemoServer.key</privateKey>
			<!--Path to intermediate ca bundle file -->
			<intermediateCaChain>cert\intermediate.crt</intermediateCaChain>
            <!--
              if the private key of the certificate have a password write it here 
              use Bastion to encrypt the password so it will not be in plain text
              command: bastion encrypt "your password"
              if you want to leave it in plain text set the encrypted attribute to False
            -->
            <password encrypted="false">123456</password>
          </serverCert>
          <!--
            What to do with client certificates
            'ignore'  Bastion shouldn't ask for a client certificate.
            'ask'     Bastion should ask for a client certificate, but not require it.
            'require' Bastion should require a client certificate
                      (connection would fail if no client certificate is provided).
          -->
          <clientCert>ignore</clientCert>
        </certificates>
      </ssl>
    </listener>
  </listeners>
 
  <!-- The following directive is for the plugin filter -->
  <filters>
	<!--The directory where the dll of the filters are -->
	<path>filters\</path>
  </filters>
  <!--Bastion can publish on few channels depending on the headers of the http  -->
  <channels>
	<channel name="first" listener="main">
		<!--for which host this channel will apply-->
		<externalHosts>
      <host>*</host>
      <!--<host>*</host>-->
    </externalHosts>
		<!--Where to publish connections on this channel -->
		<publish>
			<!--<host>10.0.2.20</host>-->
			<host>www.mobility-shield.com</host>
			<port>80</port>
			<sslPort>443</sslPort>
			<convertTo>keep</convertTo>
		</publish>
		<!--Use a proxy for this channel -->
		<proxy>
		<!--
			<host>10.0.2.1</host>
			<port>8888</port>
			-->
		</proxy>
		<!--
			The filters to apply to this channel
			The Filters will be applied in the order they are listed here
			The filters can be one or more from the FiltersPlugin above
		-->
		<filters>
			<!--<filter></filter>-->			
		</filters>
	</channel>
  </channels>
  <logging>
	<main>
	  <enabled>true</enabled>
	  <severity>trace</severity>
	  <maxFileSizeMb>150</maxFileSizeMb>
	  <maxArchiveSizeMb>2000</maxArchiveSizeMb>
	  <minFreeSpaceMb>500</minFreeSpaceMb>
	</main>
	<consoleLog>
		<enabled>false</enabled>
		<severity>xtrace</severity>
	</consoleLog>
	<dumps>
	  <enabled>false</enabled>
	</dumps>
	<debug>
	  <enabled>false</enabled>
	</debug>
  </logging>
  <!-- Since version 1.8.11.8 we have the advanced node. You don't have to define that node but you can if you know what you are doing -->
  <advanced>
	<mergeOnForward>true</mergeOnForward>
	<concurrency>1</concurrency>
	<serverErrorCode>600</serverErrorCode>
  </advanced>
  <!-- End of advanced node -->
</bastion>
